{
  "user": [
    {
      "shortid": "70bsvtilm",
      "id": "asdf",
      "password": "asdf",
      "password2": "asdf",
      "nickname": "Jang"
    },
    {
      "shortid": "VjUttJMwr",
      "id": "1234",
      "password": "1234",
      "nickname": "1234"
    },
    {
      "shortid": "hTzSSFrXa",
      "id": "asdf",
      "password": "asdf",
      "nickname": "asdf"
    },
    {
      "shortid": "erSjMCpyd",
      "id": "gg",
      "password": "gg",
      "nickname": "gg"
    },
    {
      "shortid": "RBHdTGQkE",
      "id": "hh",
      "password": "$2b$10$m9g1Du6E.b.wJh67bj4yROa9mJ7JPBVrqeqSjK3Oa8DKOUIgh4fAi",
      "nickname": "hh"
    }
  ],
  "users": [],
  "topics": [
    {
      "id": "f9WcvWq1m",
      "title": "1234",
      "description": "12345678",
      "user_id": "1234"
    }
  ]
}